sec	ent	section	entry	chars	lines	new	day92
1	1	開店與料理	房間	168	7	Y	Y
1	2	開店與料理	帶位	58	3	Y	Y
1	3	開店與料理	誰在哪裡	88	4	Y	Y
1	4	開店與料理	點餐	25	1	Y	Y
1	5	開店與料理	做菜	64	3	Y	Y
1	6	開店與料理	上菜	69	3	Y	Y
1	7	開店與料理	配菜的酒	116	4	-	Y
1	8	開店與料理	收錢・收桌	27	2	Y	Y
1	9	開店與料理	料理台的幾種步驟	82	1	Y	Y
1	10	開店與料理	把店開得順	64	2	Y	Y
1	11	開店與料理	突發事件（第 3 天起）	84	6	Y	Y
2	1	開店前：備料與菜單	建議備料	53	2	Y	Y
2	2	開店前：備料與菜單	冰箱裝不下	61	2	Y	Y
2	3	開店前：備料與菜單	營業中補貨	74	2	Y	Y
2	4	開店前：備料與菜單	賣完了	31	1	Y	Y
2	5	開店前：備料與菜單	隨機選菜單	109	4	Y	Y
2	6	開店前：備料與菜單	天氣推薦	45	2	Y	Y
2	7	開店前：備料與菜單	今日推薦	33	2	Y	Y
2	8	開店前：備料與菜單	套餐	34	1	Y	Y
2	9	開店前：備料與菜單	售價	29	2	Y	Y
3	1	Jill 與員工	工作分配	107	3	Y	Y
3	2	Jill 與員工	員工	234	9	Y	Y
3	3	Jill 與員工	新來的人	49	2	Y	Y
3	4	Jill 與員工	廚師	107	4	Y	Y
3	5	Jill 與員工	服務生	36	3	Y	Y
3	6	Jill 與員工	清潔員	27	2	Y	Y
3	7	Jill 與員工	秀琴阿姨	109	3	Y	Y
3	8	Jill 與員工	晚點到	72	3	Y	Y
3	9	Jill 與員工	調酒師	93	5	-	Y
3	10	Jill 與員工	Jill 的空檔	149	4	Y	Y
4	1	招待與熟客	招待（你的）	65	2	Y	Y
4	2	招待與熟客	票券上的字	82	5	Y	Y
4	3	招待與熟客	Jill 自己請	37	2	Y	Y
4	4	招待與熟客	集點卡與紀念日	48	3	Y	Y
4	5	招待與熟客	VIP 卡	149	5	Y	Y
4	6	招待與熟客	熟客	123	6	Y	Y
4	7	招待與熟客	最愛的一道、一杯	113	5	Y	Y
4	8	招待與熟客	Dylan	101	4	Y	Y
5	1	商店：家具、工程、營運	家具與佈置	65	4	Y	Y
5	2	商店：家具、工程、營運	店舖工程	170	7	Y	Y
5	3	商店：家具、工程、營運	營運升級	103	6	Y	Y
5	4	商店：家具、工程、營運	夢想工程	126	3	Y	Y
5	5	商店：家具、工程、營運	季節佈置	72	3	Y	Y
5	6	商店：家具、工程、營運	食材契作	104	5	Y	Y
5	7	商店：家具、工程、營運	貓咪生活	51	2	Y	Y
5	8	商店：家具、工程、營運	側廳的大窗	96	4	-	Y
5	9	商店：家具、工程、營運	廚房設備	140	4	Y	Y
5	10	商店：家具、工程、營運	先留一點錢	41	2	Y	Y
5	11	商店：家具、工程、營運	存錢目標	35	1	Y	Y
5	12	商店：家具、工程、營運	看店裡	26	1	Y	Y
6	1	每天的帳	結算	122	3	Y	Y
6	2	每天的帳	酒水成本	53	2	-	Y
6	3	每天的帳	租金	76	4	Y	Y
6	4	每天的帳	薪水	68	1	Y	Y
6	5	每天的帳	錢不夠的時候	103	3	Y	Y
7	1	招牌菜與招牌甜點	招牌菜	115	4	Y	Y
7	2	招牌菜與招牌甜點	招牌甜點	134	4	Y	Y
7	3	招牌菜與招牌甜點	誰來做	14	1	Y	Y
7	4	招牌菜與招牌甜點	在哪裡看	24	2	Y	Y
8	1	Lounge：留下來的地方	怎麼來的	205	7	-	Y
8	2	Lounge：留下來的地方	Lounge I／II／III	142	4	-	Y
8	3	Lounge：留下來的地方	安安	107	3	-	Y
8	4	Lounge：留下來的地方	要有調酒師	95	4	-	Y
8	5	Lounge：留下來的地方	客人怎麼用	92	4	-	Y
8	6	Lounge：留下來的地方	晚餐後八折	118	3	-	Y
8	7	Lounge：留下來的地方	Bar Food	90	3	-	Y
8	8	Lounge：留下來的地方	酒吧披薩	174	5	-	Y
8	9	Lounge：留下來的地方	主廚之夜	174	6	-	Y
8	10	Lounge：留下來的地方	電視與音響	140	3	-	Y
8	11	Lounge：留下來的地方	酒單研發	137	4	-	Y
8	12	Lounge：留下來的地方	今晚倒哪幾種	104	3	-	Y
8	13	Lounge：留下來的地方	品酒課	69	2	-	Y
8	14	Lounge：留下來的地方	Lounge 的人怎麼升級	43	1	-	Y
8	15	Lounge：留下來的地方	品酒之夜	210	6	-	Y
8	16	Lounge：留下來的地方	鋼琴與予安	147	5	-	Y
8	17	Lounge：留下來的地方	晚餐之後	134	3	-	Y
8	18	Lounge：留下來的地方	帳	120	4	-	Y
9	1	二樓：休息室與包廂	怎麼來的	143	4	-	Y
9	2	二樓：休息室與包廂	員工休息室	192	10	-	Y
9	3	二樓：休息室與包廂	誰會上去	63	5	-	Y
9	4	二樓：休息室與包廂	私人包廂	92	6	-	-
9	5	二樓：休息室與包廂	預約	128	5	-	-
9	6	二樓：休息室與包廂	最低消費	135	4	-	-
9	7	二樓：休息室與包廂	沒有預約的晚上	94	4	-	-
10	1	Jill 的房間	怎麼進去	104	5	Y	Y
10	2	Jill 的房間	裡面有什麼	105	2	Y	Y
10	3	Jill 的房間	Jill 在房間	159	5	Y	Y
10	4	Jill 的房間	貓的家	136	7	Y	Y
10	5	Jill 的房間	樾樾等 Jill	58	2	Y	Y
11	1	五隻店貓	個性	70	5	Y	Y
11	2	五隻店貓	點牠們	61	3	Y	Y
11	3	五隻店貓	偷吃（從來沒成功）	87	3	Y	Y
11	4	五隻店貓	寶寶和熟客	38	2	Y	Y
11	5	五隻店貓	客人也看貓	60	3	Y	Y
11	6	五隻店貓	牠們不出門	105	4	Y	Y
11	7	五隻店貓	名字	18	1	Y	Y
12	1	料理研發	怎麼選	56	2	Y	Y
12	2	料理研發	試做的結果	94	4	Y	Y
12	3	料理研發	相性	46	2	Y	Y
12	4	料理研發	急的話	24	2	Y	Y
13	1	餐廳日誌	在哪裡	38	3	Y	Y
13	2	餐廳日誌	故事	11	1	Y	Y
13	3	餐廳日誌	餐廳	33	1	Y	Y
13	4	餐廳日誌	社群	45	3	Y	Y
13	5	餐廳日誌	評價	98	5	Y	Y
13	6	餐廳日誌	話語	63	2	Y	Y
13	7	餐廳日誌	相簿	137	6	Y	Y
13	8	餐廳日誌	熟客	51	2	Y	Y
14	1	故事	兩個部分	46	2	Y	Y
14	2	故事	一段一段	113	4	Y	Y
14	3	故事	故事更新	30	2	Y	Y
14	4	故事	店裡暫停中	130	5	Y	Y
14	5	故事	今天的故事	44	1	Y	Y
14	6	故事	忙的時候錯過了	61	2	Y	Y
14	7	故事	朋友和戀人	59	1	Y	Y
14	8	故事	留下來的東西	33	1	Y	Y
14	9	故事	插圖	66	3	Y	Y
14	10	故事	店外的生活	69	2	Y	Y
15	1	社群與宣傳	在哪裡	89	3	Y	Y
15	2	社群與宣傳	客人的貼文	32	1	Y	Y
15	3	社群與宣傳	照片和讚	126	3	Y	Y
15	4	社群與宣傳	Jill 的貼文	67	2	Y	Y
15	5	社群與宣傳	宣傳	83	2	Y	Y
15	6	社群與宣傳	看得出來	66	3	Y	Y
15	7	社群與宣傳	不是買熟客	23	2	Y	Y
16	1	存檔與備份	自動存檔	63	2	Y	Y
16	2	存檔與備份	手動存檔	42	1	Y	Y
16	3	存檔與備份	備份到檔案	64	3	Y	Y
16	4	存檔與備份	舊存檔	50	1	Y	Y
16	5	存檔與備份	清除瀏覽器資料	18	2	Y	Y
